path,size,sha256,action
_check_daily-routes.js,6235633,1CAE7803D4FE1283A5C0F292034DE62BE1DF205AC4E0555F3300F76D0B4BB013,archive
_check_index.js,6245747,8F90A9CEA46855DCC42FB0019C0759046DEE5E813CEE5FD72E364709827EFE57,archive
_daily-routes-inline-check.js,6234665,E994C9D6A9F70E19193B29443D00D5CAF3A59742E46A4AE2401114CD6FAEF840,archive
public/daily-routes.before-kakao-adminfeatures-fix.html,6208976,CB43968A36EE5763700583DE9046DA05EBD34C546475235FFBBC23B18D963CB3,archive
public/daily-routes.before-kakao-keyword-fallback.html,6221408,7E581641E18DF0015BEE3BE8463218997821027F24E274D7F0F6A3AC8DF10FF7,archive
public/daily-routes.before-nearby-pins-fix.html,6219939,290565624FD01FF29B165B5053BC9C4867A509ADBA94A3D1476FA328634B2429,archive
public/daily-routes.before-renderVehicleDetail-fix.html,6209106,3FA2BBBABAB30681856383F34BFAE09AB8A1D728940E0B0378DFF1A89EC63DF5,archive
public/daily-routes.before-route-ui-fix.html,6222665,0D7C30E0C6C432C8BB8D5F63144900387A7A3EBD7D4742105AED9B912458E6E5,archive
public/daily-routes.corrupt-20260701-restore-source.html,6211642,FD9C93ED1FD47403EBE789506750142BEE19923B44931AAB053173E4FF4B8FC8,archive
public/daily-routes.html.bak-boundary-off-20260707-002307,6218326,97B6C16721D0518CBDFA749968763174EC6AA3489B188A921644080B52B07D7F,archive
public/daily-routes.html.bak-boundary-off-20260707-002350,6218326,97B6C16721D0518CBDFA749968763174EC6AA3489B188A921644080B52B07D7F,archive
public/daily-routes.html.bak-map-overview-off-20260707-005506,6219597,0F1C122BFF3DCEBC7111B57649FAB56705CE67207E0029C5F6F1770B0E28DEAF,archive
public/daily-routes.html.bak-search-area-text-20260707-003211,6218597,50852761697E711AADE6A0C104A08DBDE2C12849CE9FC323C47D8BA4E315A13E,archive
public/daily-routes.html.bak-search-area-text2-20260707-003355,6218597,50852761697E711AADE6A0C104A08DBDE2C12849CE9FC323C47D8BA4E315A13E,archive
